study_id,bibliography_id,publication_type,bibtype,title,author,school,year,doi,url,month,publisher,volume,number,pages,journal,keywords,copyright,editor,booktitle,institution,language
StLaurent_et_al_2020,StLaurent_et_al_2020_data,primary dataset,Misc,Dataset: Assessing coastal carbon variability in two Delaware tidal marshes,Kari A. St. Laurent and Daniel J. Hribar and Annette J. Carlson and {Calyn M. Crawford} and {Drexel Siok},NA,2020,10.25573/SERC.13315472,https://smithsonian.figshare.com/articles/dataset/Dataset_Assessing_coastal_carbon_variability_in_two_Delaware_tidal_marshes/13315472,dec,The Smithsonian Institution,NA,NA,NA,NA,"Soil Science, 50301 Carbon Sequestration Science, FOS: Agriculture, forestry and fisheries, FOS: Agriculture, forestry and fisheries",Creative Commons Attribution 4.0 International,NA,NA,NA,NA
StLaurent_et_al_2020,StLaurent_et_al_2020_article,associated source,Article,Assessing coastal carbon variability in two Delaware tidal marshes,Kari A. St. Laurent and Daniel J. Hribar and Annette J. Carlson and Calyn M. Crawford and Drexel Siok,NA,2020,10.1007/s11852-020-00783-3,https://doi.org/10.1007/s11852-020-00783-3,oct,Springer Science and Business Media {LLC},24,6,NA,Journal of Coastal Conservation,NA,NA,NA,NA,NA,NA
Alongi_et_al_2008,Sanderman_2018_data,synthesis dataset,Misc,Global mangrove soil carbon: dataset and spatial maps,Jonathan Sanderman,NA,2017,10.7910/dvn/ocyuit,https://dataverse.harvard.edu/dataset.xhtml?persistentId=doi:10.7910/DVN/OCYUIT,NA,Harvard Dataverse,NA,NA,NA,NA,NA,NA,NA,NA,NA,NA
Cahoon_and_Lynch_1997,Sanderman_2018_data,synthesis dataset,Misc,Global mangrove soil carbon: dataset and spatial maps,Jonathan Sanderman,NA,2017,10.7910/dvn/ocyuit,https://dataverse.harvard.edu/dataset.xhtml?persistentId=doi:10.7910/DVN/OCYUIT,NA,Harvard Dataverse,NA,NA,NA,NA,NA,NA,NA,NA,NA,NA
Callaway_et_al_1997,Sanderman_2018_data,synthesis dataset,Misc,Global mangrove soil carbon: dataset and spatial maps,Jonathan Sanderman,NA,2017,10.7910/dvn/ocyuit,https://dataverse.harvard.edu/dataset.xhtml?persistentId=doi:10.7910/DVN/OCYUIT,NA,Harvard Dataverse,NA,NA,NA,NA,NA,NA,NA,NA,NA,NA
Cardona_and_Botero_1998,Sanderman_2018_data,synthesis dataset,Misc,Global mangrove soil carbon: dataset and spatial maps,Jonathan Sanderman,NA,2017,10.7910/dvn/ocyuit,https://dataverse.harvard.edu/dataset.xhtml?persistentId=doi:10.7910/DVN/OCYUIT,NA,Harvard Dataverse,NA,NA,NA,NA,NA,NA,NA,NA,NA,NA
Chen_and_Twilley_1999,Sanderman_2018_data,synthesis dataset,Misc,Global mangrove soil carbon: dataset and spatial maps,Jonathan Sanderman,NA,2017,10.7910/dvn/ocyuit,https://dataverse.harvard.edu/dataset.xhtml?persistentId=doi:10.7910/DVN/OCYUIT,NA,Harvard Dataverse,NA,NA,NA,NA,NA,NA,NA,NA,NA,NA
DelVecchia_et_al_2014,Sanderman_2018_data,synthesis dataset,Misc,Global mangrove soil carbon: dataset and spatial maps,Jonathan Sanderman,NA,2017,10.7910/dvn/ocyuit,https://dataverse.harvard.edu/dataset.xhtml?persistentId=doi:10.7910/DVN/OCYUIT,NA,Harvard Dataverse,NA,NA,NA,NA,NA,NA,NA,NA,NA,NA
Dissanayake_and_Chandrasekara_2014,Sanderman_2018_data,synthesis dataset,Misc,Global mangrove soil carbon: dataset and spatial maps,Jonathan Sanderman,NA,2017,10.7910/dvn/ocyuit,https://dataverse.harvard.edu/dataset.xhtml?persistentId=doi:10.7910/DVN/OCYUIT,NA,Harvard Dataverse,NA,NA,NA,NA,NA,NA,NA,NA,NA,NA
He_et_al_2002,Sanderman_2018_data,synthesis dataset,Misc,Global mangrove soil carbon: dataset and spatial maps,Jonathan Sanderman,NA,2017,10.7910/dvn/ocyuit,https://dataverse.harvard.edu/dataset.xhtml?persistentId=doi:10.7910/DVN/OCYUIT,NA,Harvard Dataverse,NA,NA,NA,NA,NA,NA,NA,NA,NA,NA
Jones_et_al_2016,Sanderman_2018_data,synthesis dataset,Misc,Global mangrove soil carbon: dataset and spatial maps,Jonathan Sanderman,NA,2017,10.7910/dvn/ocyuit,https://dataverse.harvard.edu/dataset.xhtml?persistentId=doi:10.7910/DVN/OCYUIT,NA,Harvard Dataverse,NA,NA,NA,NA,NA,NA,NA,NA,NA,NA
Kristensen_et_al_1992,Sanderman_2018_data,synthesis dataset,Misc,Global mangrove soil carbon: dataset and spatial maps,Jonathan Sanderman,NA,2017,10.7910/dvn/ocyuit,https://dataverse.harvard.edu/dataset.xhtml?persistentId=doi:10.7910/DVN/OCYUIT,NA,Harvard Dataverse,NA,NA,NA,NA,NA,NA,NA,NA,NA,NA
Lee_and_Baker_1972,Sanderman_2018_data,synthesis dataset,Misc,Global mangrove soil carbon: dataset and spatial maps,Jonathan Sanderman,NA,2017,10.7910/dvn/ocyuit,https://dataverse.harvard.edu/dataset.xhtml?persistentId=doi:10.7910/DVN/OCYUIT,NA,Harvard Dataverse,NA,NA,NA,NA,NA,NA,NA,NA,NA,NA
Liu_et_al_2008,Sanderman_2018_data,synthesis dataset,Misc,Global mangrove soil carbon: dataset and spatial maps,Jonathan Sanderman,NA,2017,10.7910/dvn/ocyuit,https://dataverse.harvard.edu/dataset.xhtml?persistentId=doi:10.7910/DVN/OCYUIT,NA,Harvard Dataverse,NA,NA,NA,NA,NA,NA,NA,NA,NA,NA
Naidoo_1980,Sanderman_2018_data,synthesis dataset,Misc,Global mangrove soil carbon: dataset and spatial maps,Jonathan Sanderman,NA,2017,10.7910/dvn/ocyuit,https://dataverse.harvard.edu/dataset.xhtml?persistentId=doi:10.7910/DVN/OCYUIT,NA,Harvard Dataverse,NA,NA,NA,NA,NA,NA,NA,NA,NA,NA
Naidoo_and_Raiman_1982,Sanderman_2018_data,synthesis dataset,Misc,Global mangrove soil carbon: dataset and spatial maps,Jonathan Sanderman,NA,2017,10.7910/dvn/ocyuit,https://dataverse.harvard.edu/dataset.xhtml?persistentId=doi:10.7910/DVN/OCYUIT,NA,Harvard Dataverse,NA,NA,NA,NA,NA,NA,NA,NA,NA,NA
Nsombo_et_al_2016,Sanderman_2018_data,synthesis dataset,Misc,Global mangrove soil carbon: dataset and spatial maps,Jonathan Sanderman,NA,2017,10.7910/dvn/ocyuit,https://dataverse.harvard.edu/dataset.xhtml?persistentId=doi:10.7910/DVN/OCYUIT,NA,Harvard Dataverse,NA,NA,NA,NA,NA,NA,NA,NA,NA,NA
Osland_et_al_2012,Sanderman_2018_data,synthesis dataset,Misc,Global mangrove soil carbon: dataset and spatial maps,Jonathan Sanderman,NA,2017,10.7910/dvn/ocyuit,https://dataverse.harvard.edu/dataset.xhtml?persistentId=doi:10.7910/DVN/OCYUIT,NA,Harvard Dataverse,NA,NA,NA,NA,NA,NA,NA,NA,NA,NA
Tam_and_Wong_1998,Sanderman_2018_data,synthesis dataset,Misc,Global mangrove soil carbon: dataset and spatial maps,Jonathan Sanderman,NA,2017,10.7910/dvn/ocyuit,https://dataverse.harvard.edu/dataset.xhtml?persistentId=doi:10.7910/DVN/OCYUIT,NA,Harvard Dataverse,NA,NA,NA,NA,NA,NA,NA,NA,NA,NA
Vasconcelos_et_al_2014,Sanderman_2018_data,synthesis dataset,Misc,Global mangrove soil carbon: dataset and spatial maps,Jonathan Sanderman,NA,2017,10.7910/dvn/ocyuit,https://dataverse.harvard.edu/dataset.xhtml?persistentId=doi:10.7910/DVN/OCYUIT,NA,Harvard Dataverse,NA,NA,NA,NA,NA,NA,NA,NA,NA,NA
Yando_et_al_2016,Sanderman_2018_data,synthesis dataset,Misc,Global mangrove soil carbon: dataset and spatial maps,Jonathan Sanderman,NA,2017,10.7910/dvn/ocyuit,https://dataverse.harvard.edu/dataset.xhtml?persistentId=doi:10.7910/DVN/OCYUIT,NA,Harvard Dataverse,NA,NA,NA,NA,NA,NA,NA,NA,NA,NA
Jones_et_al_2016,Jones_et_al_2016_article,synthesis source,InCollection,"The Mangroves of Ambanja and Ambaro Bays, Northwest Madagascar: Historical Dynamics, Current Status and Deforestation Mitigation Strategy",Trevor Gareth Jones and Harifidy Rakoto Ratsimba and Aude Carro and Lalao Ravaoarinorotsihoarana and Leah Glass and Marianne Teoh and Lisa Benson and Garth Cripps and Chandra Giri and Bienvenue Zafindrasilivonona and Raymond Raherindray and Zo Andriamahenina and Mialy Andriamahefazafy,NA,2016,10.1007/978-3-319-25370-1_5,https://doi.org/10.1007/978-3-319-25370-1_5,NA,Springer International Publishing,NA,NA,67--85,NA,NA,NA,NA,Estuaries of the World,NA,NA
Chen_and_Twilley_1999,Chen_and_Twilley_1999_article,synthesis source,Article,A simulation model of organic matter and nutrient accumulation in mangrove wetland soils,Ronghua Chen and Robert R. Twilley,NA,1999,10.1007/bf00993000,https://doi.org/10.1007/bf00993000,jan,Springer Science and Business Media {LLC},44,1,93--118,Biogeochemistry,NA,NA,NA,NA,NA,NA
Osland_et_al_2012,Osland_et_al_2012_article,synthesis source,Article,Ecosystem Development After Mangrove Wetland Creation: Plant{\textendash}Soil Change Across a 20-Year Chronosequence,Michael J. Osland and Amanda C. Spivak and Janet A. Nestlerode and Jeannine M. Lessmann and Alejandro E. Almario and Paul T. Heitmuller and Marc J. Russell and Ken W. Krauss and Federico Alvarez and Darrin D. Dantin and James E. Harvey and Andrew S. From and Nicole Cormier and Camille L. Stagg,NA,2012,10.1007/s10021-012-9551-1,https://doi.org/10.1007/s10021-012-9551-1,may,Springer Science and Business Media {LLC},15,5,848--866,Ecosystems,NA,NA,NA,NA,NA,NA
Yando_et_al_2016,Yando_et_al_2016_article,synthesis source,Article,Salt marsh-mangrove ecotones: using structural gradients to investigate the effects of woody plant encroachment on plant-soil interactions and ecosystem carbon pools,Erik S. Yando and Michael J. Osland and Jonathan M. Willis and Richard H. Day and Ken W. Krauss and Mark W. Hester,NA,2016,10.1111/1365-2745.12571,https://doi.org/10.1111/1365-2745.12571,apr,Wiley,104,4,1020--1031,Journal of Ecology,NA,NA,Rebecca McCulley,NA,NA,NA
Cardona_and_Botero_1998,Cardona_and_Botero_1998_article,synthesis source,Article,Soil Characteristics and Vegetation Structure in a Heavily Deteriorated Mangrove Forest in the Caribbean Coast of Colombia,Pablo Cardona and Leonor Botero,NA,1998,10.1111/j.1744-7429.1998.tb00366.x,https://doi.org/10.1111/j.1744-7429.1998.tb00366.x,mar,Wiley,30,1,24--34,Biotropica,NA,NA,NA,NA,NA,NA
Dissanayake_and_Chandrasekara_2014,Dissanayake_and_Chandrasekara_2014_article,synthesis source,Article,"Effects of Mangrove Zonation and the Physicochemical Parameters of Soil on the Distribution of Macrobenthic Fauna in Kadolkele Mangrove Forest, a Tropical Mangrove Forest in Sri Lanka",Navodha Dissanayake and Upali Chandrasekara,NA,2014,10.1155/2014/564056,https://doi.org/10.1155/2014/564056,NA,Hindawi Limited,2014,NA,1--13,Advances in Ecology,NA,NA,NA,NA,NA,NA
Vasconcelos_et_al_2014,Vasconcelos_et_al_2014_article,synthesis source,Article,"Soil organic matter and soil acidity in Mangrove areas in the river Paraiba Estuary, Cabedelo, Paraiba, Brazil",Renata Wilma Vasconcelos and Vanessa {dos Santos Gomes} and Diego Rodrigues {de Lucena} and Orione Alvares {da Silva} and Anaonio Cicero Sousa and Alexandre Fonseca D\textquotesingleAndrea,NA,2014,10.18393/ejss.76445,https://doi.org/10.18393/ejss.76445,sep,Eurasian Journal of Soil Sciences,3,3,157,{EURASIAN} {JOURNAL} {OF} {SOIL} {SCIENCE} ({EJSS}),NA,NA,NA,NA,NA,NA
Alongi_et_al_2008,Alongi_et_al_2008_article_oct,synthesis source,Article,"Growth and development of mangrove forests overlying smothered coral reefs, Sulawesi and Sumatra, Indonesia",DM Alongi and LA Trott and {Rachmansyah} and F Tirendi and AD McKinnon and MC Undu,NA,2008,10.3354/meps07661,https://doi.org/10.3354/meps07661,oct,Inter-Research Science Center,375,NA,97--109,Marine Ecology Progress Series,NA,NA,NA,NA,NA,NA
Nsombo_et_al_2016,Nsombo_et_al_2016_article,synthesis source,Article,"Effects of vegetations degradation on carbon stock, morphological, physical and chemical characteristics of soils within the mangrove forest of the Rio del Rey Estuary: Case study Bamusso (South-West Cameroon)",NSOMBO Eugene NDEMA and BENGONO Fr {eacute d eacute ric AKO} and Jacques ETAME and DIN NDONGO and Gordon AJONINA and BILONG Paul,NA,2016,10.5897/ajest2015.1956,https://doi.org/10.5897/ajest2015.1956,mar,Academic Journals,10,3,58--66,African Journal of Environmental Science and Technology,NA,NA,NA,NA,NA,NA
DelVecchia_et_al_2014,DelVecchia_et_al_2014_article,synthesis source,Article,Organic carbon inventories in natural and restored Ecuadorian mangrove forests,Amanda G. DelVecchia and John F. Bruno and Larry Benninger and Marc Alperin and Ovik Banerjee and Juan {de Dios Morales},NA,2014,10.7717/peerj.388,https://doi.org/10.7717/peerj.388,may,{PeerJ},2,NA,e388,{PeerJ},NA,NA,NA,NA,NA,NA
Cahoon_and_Lynch_1997,Cahoon_and_Lynch_1997_article,synthesis source,Article,"Vertical accretion and shallow subsidence in a mangrove forest of southwestern Florida, USA","Cahoon, Donald R and Lynch, James C",NA,1997,NA,NA,NA,NA,1,3,NA,Mangroves and Salt Marshes,NA,NA,NA,NA,NA,NA
Tam_and_Wong_1998,Tam_and_Wong_1998_article,synthesis source,Article,Variations of soil nutrient and organic matter content in a subtropical mangrove ecosystem,"Tam, NFY and Wong, YS",NA,1998,NA,NA,NA,NA,103,NA,NA,"Water, Air, and Soil Pollution",NA,NA,NA,NA,NA,NA
He_et_al_2002,He_et_al_2002_article,synthesis source,Article,Studies on soil physical and chemical properties and enzyme activities of different mangrove communities in Yingluo Bay of Guangxi,"He, Bin and Wen, Yuanguang and Yuan, Xia and Liang, Hongwen and Liu, Shirong",NA,2002,NA,NA,NA,NA,38,2,NA,Scientia Silvae Sinicae,NA,NA,NA,NA,NA,NA
Liu_et_al_2008,Liu_et_al_2008_article,synthesis source,Article,Fractal characteristics and related affecting factors of particle size distribution in mangrove soils in Dongzhai Harbor of Hainan,"LIU, Mei-ling and YE, Yong and CAO, Chang-qing and TANG, Fei-long",NA,2008,NA,NA,NA,NA,9,NA,NA,Chinese Journal of Ecology,NA,NA,NA,NA,NA,NA
Callaway_et_al_1997,Callaway_et_al_1997_article,synthesis source,Article,Sediment accretion rates from four coastal wetlands along the Gulf of Mexico,"Callaway, JC and DeLaune, RD and Patrick Jr, WH",NA,1997,NA,NA,NA,NA,NA,NA,NA,Journal of Coastal Research,NA,NA,NA,NA,NA,NA
Naidoo_1980,Naidoo_1980_article,synthesis source,Article,"Mangrove soils of the Beachwood area, Durban","Naidoo, G",NA,1980,NA,NA,NA,NA,NA,NA,NA,Journal of South African Botany,NA,NA,NA,NA,NA,NA
Naidoo_and_Raiman_1982,Naidoo_and_Raiman_1982_article,synthesis source,Article,"Some physical and chemical properties of mangrove soils at Sipingo and Mgeni, Natal","Naidoo, G and Raiman, F",NA,1982,NA,NA,NA,NA,NA,NA,NA,South African Journal of Botany,NA,NA,NA,NA,NA,NA
Kristensen_et_al_1992,Kristensen_et_al_1992_article,synthesis source,Article,"Preliminary study of benthic metabolism and sulfate reduction in a mangrove swamp of the Indus Delta, Pakistan","Kristensen, Erik and Devol, Allan H and Ahmed, Saiyed I and Saleem, Monawwar",NA,1992,NA,NA,NA,NA,NA,NA,NA,Marine Ecology Progress Series,NA,NA,NA,NA,NA,NA
Lee_and_Baker_1972,Lee_and_Baker_1972_article,synthesis source,Article,An ecological study of the soil microfungi in a Hawaiian mangrove swamp,"Lee, Benny KH and Baker, Gladys E",NA,1972,NA,NA,NA,NA,26,NA,NA,Pacific Science,NA,NA,NA,NA,NA,NA
Poppe_and_Rybczyk_2018,Poppe_and_Rybczyk_2018_article,synthesis source,Article,Carbon Sequestration in a Pacific Northwest Eelgrass (Zostera marina) Meadow,KL Poppe and JM Rybczyk,NA,2018,10.3955/046.092.0202,NA,NA,NA,92,2,NA,Northwest Science,NA,NA,NA,NA,NA,NA
Poppe_and_Rybczyk_2018,Poppe_and_Rybczyk_2018_mastersthesis,synthesis source,MastersThesis,An Ecogeomorphic Model to Assess the Response of Padilla Bay's Eelgrass Habitat to Sea Level Rise,KL Poppe,Western Washington University,2015,NA,NA,NA,NA,NA,NA,NA,NA,NA,NA,NA,NA,NA,NA
Poppe_and_Rybczyk_2018,Poppe_et_al_2019_synthesis,synthesis dataset,Misc,"Dataset: Sediment carbon stocks and sequestration rates in the Pacific Northwest region of Washington, USA",Katrina L Poppe and John M Rybczyk,NA,2019,10.25573/DATA.10005248,https://smithsonian.figshare.com/articles/Dataset_Sediment_carbon_stocks_and_sequestration_rates_in_the_Pacific_Northwest_region_of_Washington_USA/10005248,NA,The Smithsonian Institution,NA,NA,NA,NA,"Soil Science, 50301 Carbon Sequestration Science, FOS: Agriculture, forestry and fisheries",CC BY 4.0,NA,NA,NA,NA
Poppe_and_Rybczyk_2019,Poppe_and_Rybczyk_2019_techreport,synthesis source,TechReport,A Blue Carbon Assessment for the Stillaguamish River Estuary: Quantifying the Climate Benefits of Tidal Marsh Restoration,KL Poppe and JM Rybczyk,NA,2019,NA,NA,NA,NA,NA,NA,NA,NA,NA,NA,NA,NA,Western Washington University,NA
Poppe_and_Rybczyk_2019,Poppe_et_al_2019_synthesis,synthesis dataset,Misc,"Dataset: Sediment carbon stocks and sequestration rates in the Pacific Northwest region of Washington, USA",Katrina L Poppe and John M Rybczyk,NA,2019,10.25573/DATA.10005248,https://smithsonian.figshare.com/articles/Dataset_Sediment_carbon_stocks_and_sequestration_rates_in_the_Pacific_Northwest_region_of_Washington_USA/10005248,NA,The Smithsonian Institution,NA,NA,NA,NA,"Soil Science, 50301 Carbon Sequestration Science, FOS: Agriculture, forestry and fisheries",CC BY 4.0,NA,NA,NA,NA
Poppe_et_al_2019,Poppe_et_al_2019_techreport,synthesis source,TechReport,Coastal Blue Carbon Opportunity Assessment for the Snohomish Estuary: The Climate Benefits of Estuary Restoration,S Crooks and J Rybczyk and K O`Connell and D L Devier and K Poppe and S Emmett-Mattox,NA,2014,NA,NA,NA,NA,NA,NA,NA,NA,NA,NA,NA,NA,Western Washington University,NA
Poppe_et_al_2019,Poppe_et_al_2019_synthesis,synthesis dataset,Misc,"Dataset: Sediment carbon stocks and sequestration rates in the Pacific Northwest region of Washington, USA",Katrina L Poppe and John M Rybczyk,NA,2019,10.25573/DATA.10005248,https://smithsonian.figshare.com/articles/Dataset_Sediment_carbon_stocks_and_sequestration_rates_in_the_Pacific_Northwest_region_of_Washington_USA/10005248,NA,The Smithsonian Institution,NA,NA,NA,NA,"Soil Science, 50301 Carbon Sequestration Science, FOS: Agriculture, forestry and fisheries",CC BY 4.0,NA,NA,NA,NA
Peck_et_al_2020,Peck_et_al_2020_data,primary dataset,Misc,"Dataset: Controls on sediment accretion and blue carbon burial in tidal saline wetlands: Insights from the Oregon coast, U.S.A.",Erin Peck and Robert Wheatcroft and Laura Brophy,NA,2020,10.25573/SERC.11317820.V2,https://smithsonian.figshare.com/articles/Dataset_Controls_on_sediment_accretion_and_blue_carbon_burial_in_tidal_saline_wetlands_Insights_from_the_Oregon_coast_U_S_A_/11317820/2,NA,The Smithsonian Institution,NA,NA,NA,NA,"Soil Science, 50301 Carbon Sequestration Science, FOS: Agriculture, forestry and fisheries",CC BY 4.0,NA,NA,NA,NA
Peck_et_al_2020,Peck_et_al_2020_article,associated source,Article,"Controls on Sediment Accretion and Blue Carbon Burial in Tidal Saline Wetlands: Insights From the Oregon Coast, {USA}",Erin K. Peck and Robert A. Wheatcroft and Laura S. Brophy,NA,2020,10.1029/2019jg005464,https://doi.org/10.1029/2019jg005464,feb,American Geophysical Union ({AGU}),125,2,NA,Journal of Geophysical Research: Biogeosciences,NA,NA,NA,NA,NA,NA
McTigue_et_al_2020,McTigue_et_al_2019_article,associated source,Article,Sea-level rise explains changing carbon accumulation rates in a salt marsh over the past two millennia,Nathan McTigue and Jenny Davis and Tony Rodriguez and Brent McKee and Anna Atencio and Carolyn Currin,NA,2019,NA,NA,NA,Wiley Online Library,NA,NA,NA,Journal of Geophysical Research: Biogeosciences,NA,NA,NA,NA,NA,NA
McTigue_et_al_2020,McTigue_et_al_2020_data,primary dataset,Misc,Dataset: Carbon accumulation rates in a salt marsh over the past two millennia,Nathan McTigue and Jenny Davis and Antonio Rodriguez and Brent McKee and Anna Atencio and Carolyn Currin,NA,2020,10.25573/serc.11421063,NA,NA,The Smithsonian Institution,NA,NA,NA,NA,NA,NA,NA,NA,NA,NA
Keshta_et_al_2020,Keshta_et_al_2020_data,primary dataset,Misc,Dataset: Soil Redox and Hydropattern control Soil Carbon Stocks across different habitats in Tidal Freshwater Wetlands in a Sub-estuary of the Chesapeake Bay,Amr E. Keshta and Stephanie A. Yarwood and Andrew H. Baldwin,NA,2020,10.25573/serc.13187549,https://smithsonian.figshare.com/articles/dataset/Dataset_Soil_Redox_and_Hydropattern_control_Soil_Carbon_Stocks_across_different_habitats_in_Tidal_Freshwater_Wetlands_in_a_Sub-estuary_of_the_Chesapeake_Bay/13187549,NA,The Smithsonian Institution,NA,NA,NA,NA,"50301 Carbon Sequestration Science, FOS: Agriculture, forestry and fisheries, FOS: Agriculture, forestry and fisheries, Soil Science",Creative Commons Attribution 4.0 International,NA,NA,NA,NA
Keshta_et_al_2020,Keshta_et_al_2017_article,associated source,PhdThesis,"HYDROLOGY, SOIL REDOX, AND PORE-WATER IRON REGULATE CARBON CYCLING IN NATURAL AND RESTORED TIDAL FRESHWATER WETLANDS IN THE CHESAPEAKE BAY, MARYLAND, USA",Amr E. Keshta and Stephanie A. Yarwood and Andrew H. Baldwin,University of Maryland,2017,10.13016/M2S756M71,https://drum.lib.umd.edu/handle/1903/20335,NA,NA,NA,NA,NA,NA,NA,NA,NA,NA,NA,NA
Hill_and_Anisfeld_2015,Holmquist_et_al_2018_synthesis,synthesis dataset,Misc,Accuracy and Precision of Tidal Wetland Soil Carbon Mapping in the Conterminous United States: Public Soil Carbon Data Release,James R. Holmquist and Lisamarie Windham-Myers and Norman Bliss and Stephen Crooks and James T. Morris and J. Patrick Megonigal and Tiffany Troxler and Donald Weller and John Callaway and Judith Drexler and Matthew C. Ferner and Meagan E. Gonneea and Kevin D. Kroeger and Lisa Schile-Beers and Isa Woo and Kevin Buffington and Brandon M. Boyd and Joshua Breithaupt and Lauren N. Brown and Nicole Dix and Lyndie Hice and Benjamin P. Horton and Glen M. MacDonald and Ryan P. Moyer and William Reay and Timothy Shaw and Erik Smith and Joseph M. Smoak and Christopher Sommerfield and Karen Thorne and David Velinsky and Elizabeth Watson and Kristen {Wilson Grimes} and Mark Woodrey,NA,2018,10.25572/ccrcn/10088/35684,https://repository.si.edu/handle/10088/35684,NA,Smithsonian Research Online,NA,NA,NA,NA,NA,NA,NA,NA,NA,NA
Breithaupt_et_al_2017,Holmquist_et_al_2018_synthesis,synthesis dataset,Misc,Accuracy and Precision of Tidal Wetland Soil Carbon Mapping in the Conterminous United States: Public Soil Carbon Data Release,James R. Holmquist and Lisamarie Windham-Myers and Norman Bliss and Stephen Crooks and James T. Morris and J. Patrick Megonigal and Tiffany Troxler and Donald Weller and John Callaway and Judith Drexler and Matthew C. Ferner and Meagan E. Gonneea and Kevin D. Kroeger and Lisa Schile-Beers and Isa Woo and Kevin Buffington and Brandon M. Boyd and Joshua Breithaupt and Lauren N. Brown and Nicole Dix and Lyndie Hice and Benjamin P. Horton and Glen M. MacDonald and Ryan P. Moyer and William Reay and Timothy Shaw and Erik Smith and Joseph M. Smoak and Christopher Sommerfield and Karen Thorne and David Velinsky and Elizabeth Watson and Kristen {Wilson Grimes} and Mark Woodrey,NA,2018,10.25572/ccrcn/10088/35684,https://repository.si.edu/handle/10088/35684,NA,Smithsonian Research Online,NA,NA,NA,NA,NA,NA,NA,NA,NA,NA
Noe_et_al_2013,Holmquist_et_al_2018_synthesis,synthesis dataset,Misc,Accuracy and Precision of Tidal Wetland Soil Carbon Mapping in the Conterminous United States: Public Soil Carbon Data Release,James R. Holmquist and Lisamarie Windham-Myers and Norman Bliss and Stephen Crooks and James T. Morris and J. Patrick Megonigal and Tiffany Troxler and Donald Weller and John Callaway and Judith Drexler and Matthew C. Ferner and Meagan E. Gonneea and Kevin D. Kroeger and Lisa Schile-Beers and Isa Woo and Kevin Buffington and Brandon M. Boyd and Joshua Breithaupt and Lauren N. Brown and Nicole Dix and Lyndie Hice and Benjamin P. Horton and Glen M. MacDonald and Ryan P. Moyer and William Reay and Timothy Shaw and Erik Smith and Joseph M. Smoak and Christopher Sommerfield and Karen Thorne and David Velinsky and Elizabeth Watson and Kristen {Wilson Grimes} and Mark Woodrey,NA,2018,10.25572/ccrcn/10088/35684,https://repository.si.edu/handle/10088/35684,NA,Smithsonian Research Online,NA,NA,NA,NA,NA,NA,NA,NA,NA,NA
Elsey_Quirk_et_al_2011,Holmquist_et_al_2018_synthesis,synthesis dataset,Misc,Accuracy and Precision of Tidal Wetland Soil Carbon Mapping in the Conterminous United States: Public Soil Carbon Data Release,James R. Holmquist and Lisamarie Windham-Myers and Norman Bliss and Stephen Crooks and James T. Morris and J. Patrick Megonigal and Tiffany Troxler and Donald Weller and John Callaway and Judith Drexler and Matthew C. Ferner and Meagan E. Gonneea and Kevin D. Kroeger and Lisa Schile-Beers and Isa Woo and Kevin Buffington and Brandon M. Boyd and Joshua Breithaupt and Lauren N. Brown and Nicole Dix and Lyndie Hice and Benjamin P. Horton and Glen M. MacDonald and Ryan P. Moyer and William Reay and Timothy Shaw and Erik Smith and Joseph M. Smoak and Christopher Sommerfield and Karen Thorne and David Velinsky and Elizabeth Watson and Kristen {Wilson Grimes} and Mark Woodrey,NA,2018,10.25572/ccrcn/10088/35684,https://repository.si.edu/handle/10088/35684,NA,Smithsonian Research Online,NA,NA,NA,NA,NA,NA,NA,NA,NA,NA
Piazza_et_al_2011,Holmquist_et_al_2018_synthesis,synthesis dataset,Misc,Accuracy and Precision of Tidal Wetland Soil Carbon Mapping in the Conterminous United States: Public Soil Carbon Data Release,James R. Holmquist and Lisamarie Windham-Myers and Norman Bliss and Stephen Crooks and James T. Morris and J. Patrick Megonigal and Tiffany Troxler and Donald Weller and John Callaway and Judith Drexler and Matthew C. Ferner and Meagan E. Gonneea and Kevin D. Kroeger and Lisa Schile-Beers and Isa Woo and Kevin Buffington and Brandon M. Boyd and Joshua Breithaupt and Lauren N. Brown and Nicole Dix and Lyndie Hice and Benjamin P. Horton and Glen M. MacDonald and Ryan P. Moyer and William Reay and Timothy Shaw and Erik Smith and Joseph M. Smoak and Christopher Sommerfield and Karen Thorne and David Velinsky and Elizabeth Watson and Kristen {Wilson Grimes} and Mark Woodrey,NA,2018,10.25572/ccrcn/10088/35684,https://repository.si.edu/handle/10088/35684,NA,Smithsonian Research Online,NA,NA,NA,NA,NA,NA,NA,NA,NA,NA
Noe_et_al_2013,Noe_et_al_2013_article,synthesis source,Article,The effect of increasing salinity and forest mortality on soil nitrogen and phosphorus mineralization in tidal freshwater forested wetlands,Gregory B. Noe and Ken W. Krauss and B. Graeme Lockaby and William H. Conner and Cliff R. Hupp,NA,2012,10.1007/s10533-012-9805-1,https://doi.org/10.1007/s10533-012-9805-1,nov,Springer Science and Business Media {LLC},114,NA,225--244,Biogeochemistry,NA,NA,NA,NA,NA,NA
Elsey_Quirk_et_al_2011,Elsey_Quirk_et_al_2011_article,synthesis source,Article,"Salt Marsh Carbon Pool Distribution in a Mid-Atlantic Lagoon, {USA}: Sea Level Rise Implications",Tracy Elsey-Quirk and Denise M. Seliskar and Christopher K. Sommerfield and John L. Gallagher,NA,2011,10.1007/s13157-010-0139-2,https://doi.org/10.1007/s13157-010-0139-2,feb,Springer Science and Business Media {LLC},31,1,87--99,Wetlands,NA,NA,NA,NA,NA,NA
Hill_and_Anisfeld_2015,Hill_and_Anisfeld_2015_article,synthesis source,Article,Coastal wetland response to sea level rise in Connecticut and New York,Troy D. Hill and Shimon C. Anisfeld,NA,2015,10.1016/j.ecss.2015.06.004,https://doi.org/10.1016/j.ecss.2015.06.004,sep,Elsevier {BV},163,NA,185--193,"Estuarine, Coastal and Shelf Science",NA,NA,NA,NA,NA,NA
Breithaupt_et_al_2017,Breithaupt_et_al_2017_article,synthesis source,Article,Partitioning the relative contributions of organic matter and mineral sediment to accretion rates in carbonate platform mangrove soils,Joshua L. Breithaupt and Joseph M. Smoak and Victor H. Rivera-Monroy and Edward Castañeda-Moya and Ryan P. Moyer and Marc Simard and Christian J. Sanders,NA,2017,10.1016/j.margeo.2017.07.002,https://doi.org/10.1016/j.margeo.2017.07.002,aug,Elsevier {BV},390,NA,170--180,Marine Geology,NA,NA,NA,NA,NA,NA
Piazza_et_al_2011,Piazza_et_al_2011_misc,synthesis source,Misc,Geomorphic and ecological effects of Hurricanes Katrina and Rita on coastal Louisiana marsh communities,Sarai C. Piazza and Gregory D. Steyer and Kari F. Cretini and Charles E. Sasser and Jenneke M. Visser and Guerry O. Holm and Leigh A. Sharp and D. Elaine Evers and John R. Meriwether,NA,2011,10.3133/ofr20111094,https://doi.org/10.3133/ofr20111094,NA,{US} Geological Survey,NA,NA,i--126,NA,NA,NA,NA,NA,NA,NA
Kamp-Nielsen_et_al_2002,Fourqurean_et_al_2012_article,synthesis source,Article,Seagrass ecosystems as a globally significant carbon stock,James W. Fourqurean and Carlos M. Duarte and Hilary Kennedy and NÃºria Mar {à} and Marianne Holmer and Miguel Angel Mateo and Eugenia T. Apostolaki and Gary A. Kendrick and Dorte Krause-Jensen and Karen J. McGlathery and Oscar Serrano,NA,2012,10.1038/ngeo1477,https://doi.org/10.1038/ngeo1477,may,Springer Nature,5,7,505--509,Nature Geoscience,NA,NA,NA,NA,NA,NA
Danovaro_1996,Fourqurean_et_al_2012_article,synthesis source,Article,Seagrass ecosystems as a globally significant carbon stock,James W. Fourqurean and Carlos M. Duarte and Hilary Kennedy and NÃºria Mar {à} and Marianne Holmer and Miguel Angel Mateo and Eugenia T. Apostolaki and Gary A. Kendrick and Dorte Krause-Jensen and Karen J. McGlathery and Oscar Serrano,NA,2012,10.1038/ngeo1477,https://doi.org/10.1038/ngeo1477,may,Springer Nature,5,7,505--509,Nature Geoscience,NA,NA,NA,NA,NA,NA
Rigollet_et_al_2004,Fourqurean_et_al_2012_article,synthesis source,Article,Seagrass ecosystems as a globally significant carbon stock,James W. Fourqurean and Carlos M. Duarte and Hilary Kennedy and NÃºria Mar {à} and Marianne Holmer and Miguel Angel Mateo and Eugenia T. Apostolaki and Gary A. Kendrick and Dorte Krause-Jensen and Karen J. McGlathery and Oscar Serrano,NA,2012,10.1038/ngeo1477,https://doi.org/10.1038/ngeo1477,may,Springer Nature,5,7,505--509,Nature Geoscience,NA,NA,NA,NA,NA,NA
Fourqurean_et_al_2010,Fourqurean_et_al_2012_article,synthesis source,Article,Seagrass ecosystems as a globally significant carbon stock,James W. Fourqurean and Carlos M. Duarte and Hilary Kennedy and NÃºria Mar {à} and Marianne Holmer and Miguel Angel Mateo and Eugenia T. Apostolaki and Gary A. Kendrick and Dorte Krause-Jensen and Karen J. McGlathery and Oscar Serrano,NA,2012,10.1038/ngeo1477,https://doi.org/10.1038/ngeo1477,may,Springer Nature,5,7,505--509,Nature Geoscience,NA,NA,NA,NA,NA,NA
Sfriso_and_Marcomini_1999,Fourqurean_et_al_2012_article,synthesis source,Article,Seagrass ecosystems as a globally significant carbon stock,James W. Fourqurean and Carlos M. Duarte and Hilary Kennedy and NÃºria Mar {à} and Marianne Holmer and Miguel Angel Mateo and Eugenia T. Apostolaki and Gary A. Kendrick and Dorte Krause-Jensen and Karen J. McGlathery and Oscar Serrano,NA,2012,10.1038/ngeo1477,https://doi.org/10.1038/ngeo1477,may,Springer Nature,5,7,505--509,Nature Geoscience,NA,NA,NA,NA,NA,NA
Fourqurean_and_Kendrick_unpublished,Fourqurean_et_al_2012_article,synthesis source,Article,Seagrass ecosystems as a globally significant carbon stock,James W. Fourqurean and Carlos M. Duarte and Hilary Kennedy and NÃºria Mar {à} and Marianne Holmer and Miguel Angel Mateo and Eugenia T. Apostolaki and Gary A. Kendrick and Dorte Krause-Jensen and Karen J. McGlathery and Oscar Serrano,NA,2012,10.1038/ngeo1477,https://doi.org/10.1038/ngeo1477,may,Springer Nature,5,7,505--509,Nature Geoscience,NA,NA,NA,NA,NA,NA
Fourqurean_unpublished,Fourqurean_et_al_2012_article,synthesis source,Article,Seagrass ecosystems as a globally significant carbon stock,James W. Fourqurean and Carlos M. Duarte and Hilary Kennedy and NÃºria Mar {à} and Marianne Holmer and Miguel Angel Mateo and Eugenia T. Apostolaki and Gary A. Kendrick and Dorte Krause-Jensen and Karen J. McGlathery and Oscar Serrano,NA,2012,10.1038/ngeo1477,https://doi.org/10.1038/ngeo1477,may,Springer Nature,5,7,505--509,Nature Geoscience,NA,NA,NA,NA,NA,NA
Grady_1981,Fourqurean_et_al_2012_article,synthesis source,Article,Seagrass ecosystems as a globally significant carbon stock,James W. Fourqurean and Carlos M. Duarte and Hilary Kennedy and NÃºria Mar {à} and Marianne Holmer and Miguel Angel Mateo and Eugenia T. Apostolaki and Gary A. Kendrick and Dorte Krause-Jensen and Karen J. McGlathery and Oscar Serrano,NA,2012,10.1038/ngeo1477,https://doi.org/10.1038/ngeo1477,may,Springer Nature,5,7,505--509,Nature Geoscience,NA,NA,NA,NA,NA,NA
Alongi_et_al_2008,Fourqurean_et_al_2012_article,synthesis source,Article,Seagrass ecosystems as a globally significant carbon stock,James W. Fourqurean and Carlos M. Duarte and Hilary Kennedy and NÃºria Mar {à} and Marianne Holmer and Miguel Angel Mateo and Eugenia T. Apostolaki and Gary A. Kendrick and Dorte Krause-Jensen and Karen J. McGlathery and Oscar Serrano,NA,2012,10.1038/ngeo1477,https://doi.org/10.1038/ngeo1477,may,Springer Nature,5,7,505--509,Nature Geoscience,NA,NA,NA,NA,NA,NA
McGlathery_et_al_2012,Fourqurean_et_al_2012_article,synthesis source,Article,Seagrass ecosystems as a globally significant carbon stock,James W. Fourqurean and Carlos M. Duarte and Hilary Kennedy and NÃºria Mar {à} and Marianne Holmer and Miguel Angel Mateo and Eugenia T. Apostolaki and Gary A. Kendrick and Dorte Krause-Jensen and Karen J. McGlathery and Oscar Serrano,NA,2012,10.1038/ngeo1477,https://doi.org/10.1038/ngeo1477,may,Springer Nature,5,7,505--509,Nature Geoscience,NA,NA,NA,NA,NA,NA
Koch_and_Madden_2001,Fourqurean_et_al_2012_article,synthesis source,Article,Seagrass ecosystems as a globally significant carbon stock,James W. Fourqurean and Carlos M. Duarte and Hilary Kennedy and NÃºria Mar {à} and Marianne Holmer and Miguel Angel Mateo and Eugenia T. Apostolaki and Gary A. Kendrick and Dorte Krause-Jensen and Karen J. McGlathery and Oscar Serrano,NA,2012,10.1038/ngeo1477,https://doi.org/10.1038/ngeo1477,may,Springer Nature,5,7,505--509,Nature Geoscience,NA,NA,NA,NA,NA,NA
Erftemeijer_and_Middelburg_1993,Fourqurean_et_al_2012_article,synthesis source,Article,Seagrass ecosystems as a globally significant carbon stock,James W. Fourqurean and Carlos M. Duarte and Hilary Kennedy and NÃºria Mar {à} and Marianne Holmer and Miguel Angel Mateo and Eugenia T. Apostolaki and Gary A. Kendrick and Dorte Krause-Jensen and Karen J. McGlathery and Oscar Serrano,NA,2012,10.1038/ngeo1477,https://doi.org/10.1038/ngeo1477,may,Springer Nature,5,7,505--509,Nature Geoscience,NA,NA,NA,NA,NA,NA
Orem_et_al_1999,Fourqurean_et_al_2012_article,synthesis source,Article,Seagrass ecosystems as a globally significant carbon stock,James W. Fourqurean and Carlos M. Duarte and Hilary Kennedy and NÃºria Mar {à} and Marianne Holmer and Miguel Angel Mateo and Eugenia T. Apostolaki and Gary A. Kendrick and Dorte Krause-Jensen and Karen J. McGlathery and Oscar Serrano,NA,2012,10.1038/ngeo1477,https://doi.org/10.1038/ngeo1477,may,Springer Nature,5,7,505--509,Nature Geoscience,NA,NA,NA,NA,NA,NA
Kamp-Nielsen_et_al_2002,Kamp-Nielsen_et_al_2002_article,synthesis source,Article,Sediment Properties along Gradients of Siltation in South-east Asia,L. Kamp-Nielsen and J.E. Vermaat and I. Wesseling and J. Borum and O. Geertz-Hansen,NA,2002,10.1006/ecss.2001.0822,https://doi.org/10.1006/ecss.2001.0822,jan,Elsevier {BV},54,1,127--137,"Estuarine, Coastal and Shelf Science",NA,NA,NA,NA,NA,NA
Danovaro_1996,Danovaro_1996_article,synthesis source,Article,Detritus-Bacteria-Meiofauna interactions in a seagrass bed (Posidonia oceanica) of the {NW} Mediterranean,R. Danovaro,NA,1996,10.1007/bf00993638,https://doi.org/10.1007/bf00993638,NA,Springer Science and Business Media {LLC},127,1,1--13,Marine Biology,NA,NA,NA,NA,NA,NA
Rigollet_et_al_2004,Rigollet_et_al_2004_article,synthesis source,Article,Seasonal evolution of heavy metal concentrations in the surface sediments of two Mediterranean Zostera marina L. beds at Thau lagoon (France) and Venice lagoon (Italy),V RIGOLLET,NA,2004,10.1016/j.biortech.2003.12.018,https://doi.org/10.1016/j.biortech.2003.12.018,nov,Elsevier {BV},95,2,159--167,Bioresource Technology,NA,NA,NA,NA,NA,NA
Fourqurean_et_al_2010,Fourqurean_et_al_2010_article,synthesis source,Article,Epiphyte loads on seagrasses and microphytobenthos abundance are not reliable indicators of nutrient availability in oligotrophic coastal ecosystems,James W. Fourqurean and Meredith F. Muth and Joseph N. Boyer,NA,2010,10.1016/j.marpolbul.2010.03.003,https://doi.org/10.1016/j.marpolbul.2010.03.003,jul,Elsevier {BV},60,7,971--983,Marine Pollution Bulletin,NA,NA,NA,NA,NA,NA
Sfriso_and_Marcomini_1999,Sfriso_and_Marcomini_1999_article,synthesis source,Article,"Macrophyte production in a shallow coastal lagoon. Part {II}: Coupling with sediment, {SPM} and tissue carbon, nitrogen and phosphorus concentrations",Adriano Sfriso and Antonio Marcomini,NA,1999,10.1016/s0141-1136(98)00122-6,https://doi.org/10.1016/s0141-1136(98)00122-6,apr,Elsevier {BV},47,3,285--309,Marine Environmental Research,NA,NA,NA,NA,NA,NA
Fourqurean_and_Kendrick_unpublished,Fourqurean_et_al_2012_article,synthesis source,Article,Seagrass ecosystems as a globally significant carbon stock,James W. Fourqurean and Carlos M. Duarte and Hilary Kennedy and NÃºria Mar {à} and Marianne Holmer and Miguel Angel Mateo and Eugenia T. Apostolaki and Gary A. Kendrick and Dorte Krause-Jensen and Karen J. McGlathery and Oscar Serrano,NA,2012,10.1038/ngeo1477,https://doi.org/10.1038/ngeo1477,may,Springer Nature,5,7,505--509,Nature Geoscience,NA,NA,NA,NA,NA,NA
Fourqurean_unpublished,Fourqurean_et_al_2012_article,synthesis source,Article,Seagrass ecosystems as a globally significant carbon stock,James W. Fourqurean and Carlos M. Duarte and Hilary Kennedy and NÃºria Mar {à} and Marianne Holmer and Miguel Angel Mateo and Eugenia T. Apostolaki and Gary A. Kendrick and Dorte Krause-Jensen and Karen J. McGlathery and Oscar Serrano,NA,2012,10.1038/ngeo1477,https://doi.org/10.1038/ngeo1477,may,Springer Nature,5,7,505--509,Nature Geoscience,NA,NA,NA,NA,NA,NA
Grady_1981,Grady_1981_article,synthesis source,Article,"Properties of Sea Grass and Sand Flat Sediments from the Intertidal Zone of St. Andrew Bay, Florida",John R. Grady,NA,1981,10.2307/1352158,https://doi.org/10.2307/1352158,dec,Springer Nature,4,4,335,Estuaries,NA,NA,NA,NA,NA,NA
Alongi_et_al_2008,Alongi_et_al_2008_article_may,synthesis source,Article,"Benthic microbial metabolism in seagrass meadows along a carbonate gradient in Sulawesi, Indonesia",DM Alongi and LA Trott and MC Undu and F Tirendi,NA,2008,10.3354/ame01191,https://doi.org/10.3354/ame01191,may,Inter-Research Science Center,51,NA,141--152,Aquatic Microbial Ecology,NA,NA,NA,NA,NA,NA
McGlathery_et_al_2012,McGlathery_et_al_2012_article,synthesis source,Article,Recovery trajectories during state change from bare sediment to eelgrass dominance,KJ McGlathery and LK Reynolds and LW Cole and RJ Orth and SR Marion and A Schwarzschild,NA,2012,10.3354/meps09574,https://doi.org/10.3354/meps09574,feb,Inter-Research Science Center,448,NA,209--221,Marine Ecology Progress Series,NA,NA,NA,NA,NA,NA
Koch_and_Madden_2001,Koch_and_Madden_2001_article,synthesis source,Article,Patterns of primary production and nutrient availability in a Bahamas lagoon with fringing mangroves,MS Koch and CJ Madden,NA,2001,10.3354/meps219109,https://doi.org/10.3354/meps219109,NA,Inter-Research Science Center,219,NA,109--119,Marine Ecology Progress Series,NA,NA,NA,NA,NA,NA
Erftemeijer_and_Middelburg_1993,Erftemeijer_and_Middelburg_1993_article,synthesis source,Article,Sediment-nutrient interactions in tropical seagrass beds: a comparison between a terrigenous and a carbonate sedimentary environments in South Sulawesi,"Erftemeijer, P. L. A., and Middelburg, J. J",NA,1993,NA,https://www.jstor.org/stable/24841993,NA,NA,102,NA,NA,Marine Ecology Progress Series,NA,NA,NA,NA,NA,NA
Orem_et_al_1999,Orem_et_al_1999_article,synthesis source,Article,Geochemistry of Florida Bay sediments: nutrient history at five sites in eastern and central Florida Bay,"Orem, W. H., Holmes, C. W., Kendall, C., Lerch, H. E., Bates, A. L., Silva, S. R., Boylan, A., Corum, M., Marot, M., and Hedgeman, C.",NA,1999,NA,https://www.jstor.org/stable/4299024,NA,NA,15,NA,NA,Journal of Coastal Research,NA,NA,NA,NA,NA,NA
Drexler_et_al_2009,Drexler_et_al_2009_article,associated source,Article,"Peat Accretion Histories During the Past 6,000~Years in Marshes of the Sacramento{\textendash}San Joaquin Delta, {CA}, {USA}",Judith Z. Drexler and Christian S. {de Fontaine} and Thomas A. Brown,NA,2009,10.1007/s12237-009-9202-8,https://doi.org/10.1007/s12237-009-9202-8,jul,Springer Science and Business Media {LLC},32,5,871--892,Estuaries and Coasts,NA,NA,NA,NA,NA,NA
Doughty_et_al_2016,Doughty_et_al_2019_data,primary dataset,Misc,Mangroves marching northward: the impacts of rising seas and temperatures on ecosystems at Kennedy Space Center,Cheryl Doughty and {J. Adam Langley} and Wayne Walker and Ilka C. Feller and Ronald Schaub and Samantha Chapman,NA,2019,10.25573/DATA.9695918.V1,https://smithsonian.figshare.com/articles/Mangroves_marching_northward_the_impacts_of_rising_seas_and_temperatures_on_ecosystems_at_Kennedy_Space_Center/9695918/1,NA,The Smithsonian Institution,NA,NA,NA,NA,"Soil Science, 50301 Carbon Sequestration Science, FOS: Agriculture, forestry and fisheries",CC BY 4.0,NA,NA,NA,NA
Doughty_et_al_2016,Doughty_et_al_2015_article,associated source,Article,Mangrove Range Expansion Rapidly Increases Coastal Wetland Carbon Storage,Cheryl L. Doughty and J. Adam Langley and Wayne S. Walker and Ilka C. Feller and Ronald Schaub and Samantha K. Chapman,NA,2015,10.1007/s12237-015-9993-8,https://doi.org/10.1007/s12237-015-9993-8,may,Springer Science and Business Media {LLC},39,2,385--396,Estuaries and Coasts,NA,NA,NA,NA,NA,NA
Callaway_et_al_2019,Callaway_et_al_2019_data,primary dataset,Misc,Dataset: Carbon sequestration and sediment accretion in San Francisco Bay tidal wetlands,John C. Callaway and {Evyan L. Borgnis} and {R. Eugene Turner} and Charles S. Milan,NA,2019,10.25573/DATA.9693251,https://smithsonian.figshare.com/articles/Dataset_Carbon_sequestration_and_sediment_accretion_in_San_Francisco_Bay_tidal_wetlands/9693251,NA,The Smithsonian Institution,NA,NA,NA,NA,"Soil Science, 50301 Carbon Sequestration Science, FOS: Agriculture, forestry and fisheries",CC BY 4.0,NA,NA,NA,NA
Callaway_et_al_2019,Callaway_et_al_2012_article,associated source,Article,Carbon Sequestration and Sediment Accretion in San Francisco Bay Tidal Wetlands,John C. Callaway and Evyan L. Borgnis and R. Eugene Turner and Charles S. Milan,NA,2012,10.1007/s12237-012-9508-9,https://doi.org/10.1007/s12237-012-9508-9,jun,Springer Science and Business Media {LLC},35,5,1163--1181,Estuaries and Coasts,NA,NA,NA,NA,NA,NA
Buffington_et_al_2020,Buffington_et_al_2020_data,primary dataset,Misc,"Dataset: Carbon stocks and accretion rates for wetland sediment at Miner Slough, Sacramento-San Joaquin Delta, California",Kevin Buffington and Christopher Janousek and Karen Thorne and Bruce Dugger,NA,2020,10.25573/SERC.11968740,https://smithsonian.figshare.com/articles/Dataset_Carbon_stocks_and_accretion_rates_for_wetland_sediment_at_Miner_Slough_Sacramento-San_Joaquin_Delta_California/11968740,NA,The Smithsonian Institution,NA,NA,NA,NA,"Soil Science, 50301 Carbon Sequestration Science, FOS: Agriculture, forestry and fisheries",CC BY 4.0,NA,NA,NA,NA
Breithaupt_et_al_2020,Breithaupt_et_al_2020_data,primary dataset,Misc,Dataset: Increasing rates of carbon burial in southwest Florida coastal wetlands,"Breithaupt, Joshua L. and Smoak, Joseph M. and Bianchi, Thomas S. and Vaughn, Derrick and Sanders, Christian J. and Radabaugh, Kara R. and  Michael J. Osland and Laura C. Feher and James C. Lynch and Donald R. Cahoon and Gordon H. Anderson and Kevin R.T. Whelan and Brad E. Rosenheim and Ryan P. Moyer and Lisa G. Chambers",NA,2020,10.25573/data.9894266,https://doi.org/10.25573/data.9894266,NA,The Smithsonian Institution,NA,NA,NA,NA,"Soil Science, 50301 Carbon Sequestration Science",NA,NA,NA,NA,NA
Breithaupt_et_al_2014,Breithaupt_et_al_2014_article,associated source,Article,"Temporal variability of carbon and nutrient burial, sediment accretion, and mass accumulation over the past century in a carbonate platform mangrove forest of the Florida Everglades",Joshua L Breithaupt and Joseph M Smoak and Thomas J {Smith III} and Christian J Sanders,NA,2014,NA,NA,NA,Wiley Online Library,119,10,2032--2048,Journal of Geophysical Research: Biogeosciences,NA,NA,NA,NA,NA,NA
Breithaupt_et_al_2014,Breithaupt_et_al_2019_data,primary dataset,Misc,"Temporal variability of carbon and nutrient burial, sedient accretion, and mass accumulation over the past century in a carbonate platform mangrove forest of the Florida Everglades",Joshua L. Breithaupt and Joseph M. Smoak and Christian J. Sanders and III {Thomas J. Smith},NA,2019,10.25573/serc.11310926,NA,NA,The Smithsonian Institution,NA,NA,NA,NA,NA,NA,NA,NA,NA,NA
Unger_et_al_2016,Unger_et_al_2016_article,synthesis source,Article,Stability of organic carbon accumulating in Spartina alterniflora-dominated salt marshes of the Mid-Atlantic U.S.,Viktoria Unger and Tracy Elsey-Quirk and Christopher Sommerfield and David Velinsky,NA,2016,10.1016/j.ecss.2016.10.001,https://doi.org/10.1016/j.ecss.2016.10.001,dec,Elsevier {BV},182,NA,179--189,"Estuarine, Coastal and Shelf Science",NA,NA,NA,NA,NA,NA
Unger_et_al_2016,Boyd_et_al_2019_data,synthesis dataset,Misc,Dataset: Accretion and sediment accumulation in impounded and unimpounded marshes in the Delaware Estuary and Barnegat Bay,Brandon Boyd and Christopher K. Sommerfield and Tracy Quirk and Viktoria Unger,NA,2019,10.25573/DATA.9747065,https://smithsonian.figshare.com/articles/Dataset_Accretion_and_sediment_accumulation_in_impounded_and_unimpounded_marshes_in_the_Delaware_Estuary_and_Barnegat_Bay/9747065,NA,The Smithsonian Institution,NA,NA,NA,NA,"50301 Carbon Sequestration Science, FOS: Agriculture, forestry and fisheries, Soil Science",CC BY 4.0,NA,NA,NA,NA
Arriola_and_Cable_2017,Arriola_and_Cable_2017_article,associated source,Article,Variations in carbon burial and sediment accretion along a tidal creek in a Florida salt marsh,Jill M. Arriola and Jaye E. Cable,NA,2017,10.1002/lno.10652,https://doi.org/10.1002/lno.10652,sep,Wiley,62,S1,S15--S28,Limnology and Oceanography,NA,NA,NA,NA,NA,NA
Abbott_et_al_2019,Abbott_et_al_2019_data,primary dataset,Misc,Dataset: Factors influencing blue carbon accumulation across a 32‐year chronosequence of created coastal marshes,Katherine M Abbott and Tracy Quirk and Ronald D. Delaune,NA,2019,10.25573/DATA.10005215,https://smithsonian.figshare.com/articles/Dataset_Factors_influencing_blue_carbon_accumulation_across_a_32_year_chronosequence_of_created_coastal_marshes/10005215,NA,The Smithsonian Institution,NA,NA,NA,NA,"Soil Science, 50301 Carbon Sequestration Science, FOS: Agriculture, forestry and fisheries",CC BY 4.0,NA,NA,NA,NA
Abbott_et_al_2019,Abbott_et_al_2019_article,associated source,Article,Factors influencing blue carbon accumulation across a 32-year chronosequence of created coastal marshes,Katherine M. Abbott and Tracy Elsey-Quirk and Ronald D. DeLaune,NA,2019,10.1002/ecs2.2828,https://doi.org/10.1002/ecs2.2828,aug,Wiley,10,8,NA,Ecosphere,NA,NA,NA,NA,NA,NA
