study_id,site_id,core_id,year,month,day,latitude,longitude,position_method,max_depth,habitat,salinity_class,salinity_method,vegetation_class
Morrissette_et_al_2023,Hicks Caye,Hicks Caye_1_1_mangrove,2021,9,2,17.691465,-88.11592,handheld,94,mangrove,brine,measurement,forested
Morrissette_et_al_2023,Hicks Caye,Hicks Caye_1_2_mangrove,2021,9,2,17.691475,-88.116119,handheld,224,mangrove,mixoeuhaline,measurement,forested
Morrissette_et_al_2023,Hicks Caye,Hicks Caye_1_3_mangrove,2021,9,2,17.691509,-88.116355,handheld,97,mangrove,mixoeuhaline,measurement,forested
Morrissette_et_al_2023,Hicks Caye,Hicks Caye_1_4_mangrove,2021,9,2,17.691458,-88.116596,handheld,93,mangrove,mixoeuhaline,measurement,forested
Morrissette_et_al_2023,Hicks Caye,Hicks Caye_1_5_mangrove,2021,9,2,17.691358,-88.116795,handheld,94,mangrove,mixoeuhaline,measurement,forested
Morrissette_et_al_2023,Hicks Caye,Hicks Caye_1_6_mangrove,2021,9,2,17.691317,-88.117022,handheld,124,mangrove,mixoeuhaline,measurement,forested
Morrissette_et_al_2023,Drowned Caye,Drowned Caye_1_1_mangrove,2021,9,3,17.489636,-88.06327,handheld,171,mangrove,mixoeuhaline,measurement,forested
Morrissette_et_al_2023,Drowned Caye,Drowned Caye_1_2_mangrove,2021,9,3,17.489653,-88.063488,handheld,173,mangrove,mixoeuhaline,measurement,forested
Morrissette_et_al_2023,Drowned Caye,Drowned Caye_1_3_mangrove,2021,9,3,17.489699,-88.063664,handheld,195,mangrove,mixoeuhaline,measurement,forested
Morrissette_et_al_2023,Drowned Caye,Drowned Caye_1_4_mangrove,2021,9,3,17.489674,-88.063867,handheld,190,mangrove,polyhaline,measurement,forested
Morrissette_et_al_2023,Drowned Caye,Drowned Caye_1_5_mangrove,2021,9,3,17.489761,-88.06411,handheld,189.5,mangrove,polyhaline,measurement,forested
Morrissette_et_al_2023,Drowned Caye,Drowned Caye_1_6_mangrove,2021,9,3,17.489805,-88.064345,handheld,136.5,mangrove,polyhaline,measurement,forested
Morrissette_et_al_2023,Drowned Caye,Drowned Caye_2_1_mangrove,2021,9,3,17.491791,-88.062677,handheld,185,mangrove,mixoeuhaline,measurement,forested
Morrissette_et_al_2023,Drowned Caye,Drowned Caye_2_2_mangrove,2021,9,3,17.491817,-88.062985,handheld,180,mangrove,NA,NA,forested
Morrissette_et_al_2023,Drowned Caye,Drowned Caye_2_3_mangrove,2021,9,3,17.491855,-88.063197,handheld,187,mangrove,polyhaline,measurement,forested
Morrissette_et_al_2023,Drowned Caye,Drowned Caye_2_4_mangrove,2021,9,3,17.491839,-88.063451,handheld,140,mangrove,polyhaline,measurement,forested
Morrissette_et_al_2023,Drowned Caye,Drowned Caye_2_5_mangrove,2021,9,3,17.491837,-88.063657,handheld,181,mangrove,polyhaline,measurement,forested
Morrissette_et_al_2023,Drowned Caye,Drowned Caye_2_6_mangrove,2021,9,3,17.49182,-88.063859,handheld,177,mangrove,polyhaline,measurement,forested
Morrissette_et_al_2023,Shipstern Lagoon,Shipstern Lagoon_1_1_mangrove,2021,9,6,18.325519,-88.118299,handheld,101,mangrove,polyhaline,measurement,forested
Morrissette_et_al_2023,Shipstern Lagoon,Shipstern Lagoon_1_2_mangrove,2021,9,6,18.325277,-88.118274,handheld,110,mangrove,polyhaline,measurement,forested
Morrissette_et_al_2023,Shipstern Lagoon,Shipstern Lagoon_1_3_mangrove,2021,9,6,18.325055,-88.118284,handheld,65,mangrove,polyhaline,measurement,forested
Morrissette_et_al_2023,Shipstern Lagoon,Shipstern Lagoon_1_4_mangrove,2021,9,6,18.324835,-88.118279,handheld,41,mangrove,polyhaline,measurement,forested
Morrissette_et_al_2023,Shipstern Lagoon,Shipstern Lagoon_1_5_mangrove,2021,9,6,18.324621,-88.118217,handheld,129,mangrove,polyhaline,measurement,forested
Morrissette_et_al_2023,Shipstern Lagoon,Shipstern Lagoon_1_6_mangrove,2021,9,6,18.324404,-88.118227,handheld,125,mangrove,NA,NA,forested
Morrissette_et_al_2023,Shipstern Lagoon,Shipstern Lagoon_2_1_mangrove,2021,9,6,18.339157,-88.106667,handheld,60,mangrove,polyhaline,measurement,forested
Morrissette_et_al_2023,Shipstern Lagoon,Shipstern Lagoon_2_2_mangrove,2021,9,6,18.339243,-88.106869,handheld,58,mangrove,polyhaline,measurement,forested
Morrissette_et_al_2023,Shipstern Lagoon,Shipstern Lagoon_2_3_mangrove,2021,9,6,18.339325,-88.107092,handheld,52,mangrove,polyhaline,measurement,forested
Morrissette_et_al_2023,Shipstern Lagoon,Shipstern Lagoon_2_4_mangrove,2021,9,6,18.339418,-88.107297,handheld,68,mangrove,polyhaline,measurement,forested
Morrissette_et_al_2023,Shipstern Lagoon,Shipstern Lagoon_2_5_mangrove,2021,9,6,18.339505,-88.107522,handheld,45,mangrove,polyhaline,measurement,forested
Morrissette_et_al_2023,Shipstern Lagoon,Shipstern Lagoon_2_6_mangrove,2021,9,6,18.339577,-88.107774,handheld,47,mangrove,polyhaline,measurement,forested
Morrissette_et_al_2023,New River,New River_1_1_mangrove,2021,9,7,18.341585,-88.38512,handheld,224,mangrove,mesohaline,measurement,forested
Morrissette_et_al_2023,New River,New River_1_2_mangrove,2021,9,7,18.341424,-88.384933,handheld,232,mangrove,mesohaline,measurement,forested
Morrissette_et_al_2023,New River,New River_1_3_mangrove,2021,9,7,18.341285,-88.384764,handheld,156,mangrove,mesohaline,measurement,forested
Morrissette_et_al_2023,New River,New River_1_4_mangrove,2021,9,7,18.341197,-88.384567,handheld,58,mangrove,mesohaline,measurement,forested
Morrissette_et_al_2023,New River,New River_1_5_mangrove,2021,9,7,18.340982,-88.384435,handheld,278,mangrove,mesohaline,measurement,forested
Morrissette_et_al_2023,New River,New River_1_6_mangrove,2021,9,7,18.340789,-88.384322,handheld,178,mangrove,mesohaline,measurement,forested
Morrissette_et_al_2023,New River,New River_2_1_mangrove,2021,9,7,18.337675,-88.392519,handheld,272,mangrove,oligohaline,measurement,forested
Morrissette_et_al_2023,New River,New River_2_2_mangrove,2021,9,7,18.341508,-88.387317,handheld,255,mangrove,oligohaline,measurement,forested
Morrissette_et_al_2023,New River,New River_2_3_mangrove,2021,9,7,18.34228,-88.385284,handheld,150,mangrove,oligohaline,measurement,forested
Morrissette_et_al_2023,Gra Gra Lagoon,Gra Gra Lagoon_1_1_mangrove,2021,9,9,16.936095,-88.244356,handheld,194,mangrove,mixoeuhaline,measurement,forested
Morrissette_et_al_2023,Gra Gra Lagoon,Gra Gra Lagoon_1_2_mangrove,2021,9,9,16.936059,-88.244569,handheld,133,mangrove,mixoeuhaline,measurement,forested
Morrissette_et_al_2023,Gra Gra Lagoon,Gra Gra Lagoon_1_3_mangrove,2021,9,9,16.935988,-88.244787,handheld,185,mangrove,polyhaline,measurement,forested
Morrissette_et_al_2023,Gra Gra Lagoon,Gra Gra Lagoon_1_4_mangrove,2021,9,9,16.935951,-88.245024,handheld,193,mangrove,mixoeuhaline,measurement,forested
Morrissette_et_al_2023,Gra Gra Lagoon,Gra Gra Lagoon_1_5_mangrove,2021,9,9,16.935931,-88.245217,handheld,210,mangrove,mixoeuhaline,measurement,forested
Morrissette_et_al_2023,Gra Gra Lagoon,Gra Gra Lagoon_1_6_mangrove,2021,9,9,16.935956,-88.245422,handheld,238,mangrove,mixoeuhaline,measurement,forested
Morrissette_et_al_2023,Gra Gra Lagoon,Gra Gra Lagoon_2_1_mangrove,2021,9,9,16.938988,-88.242735,handheld,215,mangrove,mixoeuhaline,measurement,forested
Morrissette_et_al_2023,Gra Gra Lagoon,Gra Gra Lagoon_2_2_mangrove,2021,9,9,16.93908,-88.242891,handheld,69,mangrove,mixoeuhaline,measurement,forested
Morrissette_et_al_2023,Gra Gra Lagoon,Gra Gra Lagoon_2_3_mangrove,2021,9,9,16.939103,-88.243067,handheld,207,mangrove,polyhaline,measurement,forested
Morrissette_et_al_2023,Gra Gra Lagoon,Gra Gra Lagoon_2_4_mangrove,2021,9,9,16.939055,-88.243254,handheld,49,mangrove,polyhaline,measurement,forested
Morrissette_et_al_2023,Gra Gra Lagoon,Gra Gra Lagoon_2_5_mangrove,2021,9,9,16.939034,-88.243414,handheld,144.5,mangrove,mixoeuhaline,measurement,forested
Morrissette_et_al_2023,Gra Gra Lagoon,Gra Gra Lagoon_2_6_mangrove,2021,9,9,16.939019,-88.243595,handheld,113,mangrove,mixoeuhaline,measurement,forested
Morrissette_et_al_2023,Channel Caye,Channel Caye_1_1_mangrove,2021,9,10,16.643723,-88.164621,handheld,174,mangrove,mixoeuhaline,measurement,forested
Morrissette_et_al_2023,Channel Caye,Channel Caye_1_2_mangrove,2021,9,10,16.643679,-88.164457,handheld,136,mangrove,mixoeuhaline,measurement,forested
Morrissette_et_al_2023,Channel Caye,Channel Caye_1_3_mangrove,2021,9,10,16.643613,-88.164178,handheld,140,mangrove,polyhaline,measurement,forested
Morrissette_et_al_2023,Channel Caye,Channel Caye_1_4_mangrove,2021,9,10,16.643556,-88.164014,handheld,140,mangrove,polyhaline,measurement,forested
Morrissette_et_al_2023,Channel Caye,Channel Caye_1_5_mangrove,2021,9,10,16.643416,-88.163693,handheld,145,mangrove,polyhaline,measurement,forested
Morrissette_et_al_2023,Channel Caye,Channel Caye_1_6_mangrove,2021,9,10,16.643939,-88.164345,handheld,106,mangrove,polyhaline,measurement,forested
Morrissette_et_al_2023,Channel Caye,Channel Caye_2_1_mangrove,2021,9,10,16.644835,-88.16455,handheld,100,mangrove,mixoeuhaline,measurement,forested
Morrissette_et_al_2023,Channel Caye,Channel Caye_2_2_mangrove,2021,9,10,16.644791,-88.164332,handheld,79.5,mangrove,polyhaline,measurement,forested
Morrissette_et_al_2023,Channel Caye,Channel Caye_2_3_mangrove,2021,9,10,16.644709,-88.164128,handheld,70,mangrove,polyhaline,measurement,forested
Morrissette_et_al_2023,Channel Caye,Channel Caye_2_4_mangrove,2021,9,10,16.644587,-88.163938,handheld,90,mangrove,polyhaline,measurement,forested
Morrissette_et_al_2023,Channel Caye,Channel Caye_2_5_mangrove,2021,9,10,16.644532,-88.163719,handheld,88,mangrove,polyhaline,measurement,forested
Morrissette_et_al_2023,Channel Caye,Channel Caye_2_6_mangrove,2021,9,10,16.644742,-88.163687,handheld,101,mangrove,polyhaline,measurement,forested
Morrissette_et_al_2023,Big Creek,Big Creek_1_1_mangrove,2021,9,12,16.50698,-88.402406,handheld,110,mangrove,oligohaline,measurement,forested
Morrissette_et_al_2023,Big Creek,Big Creek_1_2_mangrove,2021,9,12,16.506978,-88.402658,handheld,110,mangrove,oligohaline,measurement,forested
Morrissette_et_al_2023,Big Creek,Big Creek_1_3_mangrove,2021,9,12,16.506934,-88.402866,handheld,257,mangrove,oligohaline,measurement,forested
Morrissette_et_al_2023,Big Creek,Big Creek_1_4_mangrove,2021,9,12,16.507177,-88.402589,handheld,110,mangrove,oligohaline,measurement,forested
Morrissette_et_al_2023,Big Creek,Big Creek_1_5_mangrove,2021,9,12,16.507134,-88.402815,handheld,164,mangrove,oligohaline,measurement,forested
Morrissette_et_al_2023,Big Creek,Big Creek_1_6_mangrove,2021,9,12,16.507176,-88.402977,handheld,287,mangrove,oligohaline,measurement,forested
Morrissette_et_al_2023,Big Creek,Big Creek_2_1_mangrove,2021,9,12,16.510383,-88.424776,handheld,84,mangrove,mesohaline,measurement,forested
Morrissette_et_al_2023,Big Creek,Big Creek_2_2_mangrove,2021,9,12,16.510577,-88.424687,handheld,121,mangrove,NA,NA,forested
Morrissette_et_al_2023,Big Creek,Big Creek_2_3_mangrove,2021,9,12,16.51077,-88.424582,handheld,69,mangrove,NA,NA,forested
Morrissette_et_al_2023,Big Creek,Big Creek_2_4_mangrove,2021,9,12,16.510987,-88.424456,handheld,172,mangrove,NA,NA,forested
Morrissette_et_al_2023,Big Creek,Big Creek_2_5_mangrove,2021,9,12,16.51119,-88.424355,handheld,73,mangrove,NA,NA,forested
Morrissette_et_al_2023,Big Creek,Big Creek_2_6_mangrove,2021,9,12,16.511387,-88.424259,handheld,155,mangrove,NA,NA,forested
Morrissette_et_al_2023,Payne's Creek,Payne's Creek_1_1_mangrove,2021,9,14,16.281376,-88.593427,handheld,328,mangrove,oligohaline,measurement,forested
Morrissette_et_al_2023,Payne's Creek,Payne's Creek_1_2_mangrove,2021,9,14,16.281201,-88.593547,handheld,290,mangrove,oligohaline,measurement,forested
Morrissette_et_al_2023,Payne's Creek,Payne's Creek_1_3_mangrove,2021,9,14,16.280991,-88.593585,handheld,125,mangrove,oligohaline,measurement,forested
Morrissette_et_al_2023,Payne's Creek,Payne's Creek_1_4_mangrove,2021,9,14,16.280767,-88.593632,handheld,273,mangrove,oligohaline,measurement,forested
Morrissette_et_al_2023,Payne's Creek,Payne's Creek_1_5_mangrove,2021,9,14,16.280585,-88.593779,handheld,156,mangrove,oligohaline,measurement,forested
Morrissette_et_al_2023,Payne's Creek,Payne's Creek_1_6_mangrove,2021,9,14,16.280234,-88.593796,handheld,64,mangrove,mesohaline,measurement,forested
Morrissette_et_al_2023,Payne's Creek,Payne's Creek_2_1_mangrove,2021,9,14,16.288337,-88.591185,handheld,110,mangrove,oligohaline,measurement,forested
Morrissette_et_al_2023,Payne's Creek,Payne's Creek_2_2_mangrove,2021,9,14,16.288585,-88.591221,handheld,117,mangrove,oligohaline,measurement,forested
Morrissette_et_al_2023,Payne's Creek,Payne's Creek_2_3_mangrove,2021,9,14,16.28884,-88.5913,handheld,73,mangrove,oligohaline,measurement,forested
Morrissette_et_al_2023,Payne's Creek,Payne's Creek_2_4_mangrove,2021,9,14,16.289035,-88.591352,handheld,79,mangrove,oligohaline,measurement,forested
Morrissette_et_al_2023,Payne's Creek,Payne's Creek_2_5_mangrove,2021,9,14,16.28924,-88.591436,handheld,285,mangrove,fresh,measurement,forested
Morrissette_et_al_2023,Payne's Creek,Payne's Creek_2_6_mangrove,2021,9,14,16.289436,-88.591477,handheld,185,mangrove,fresh,measurement,forested
Morrissette_et_al_2023,Frenchman Caye,Frenchman Caye_1_1_mangrove,2021,9,15,16.182486,-88.658633,handheld,97.5,mangrove,polyhaline,measurement,forested
Morrissette_et_al_2023,Frenchman Caye,Frenchman Caye_1_2_mangrove,2021,9,15,16.182618,-88.658878,handheld,96,mangrove,polyhaline,measurement,forested
Morrissette_et_al_2023,Frenchman Caye,Frenchman Caye_1_3_mangrove,2021,9,15,16.182674,-88.659092,handheld,117,mangrove,polyhaline,measurement,forested
Morrissette_et_al_2023,Frenchman Caye,Frenchman Caye_1_4_mangrove,2021,9,15,16.182715,-88.659314,handheld,134,mangrove,polyhaline,measurement,forested
Morrissette_et_al_2023,Frenchman Caye,Frenchman Caye_1_5_mangrove,2021,9,15,16.182778,-88.659524,handheld,57,mangrove,polyhaline,measurement,forested
Morrissette_et_al_2023,Frenchman Caye,Frenchman Caye_1_6_mangrove,2021,9,15,16.182853,-88.659754,handheld,84,mangrove,polyhaline,measurement,forested
Morrissette_et_al_2023,Frenchman Caye,Frenchman Caye_2_1_mangrove,2021,9,15,16.18206,-88.6565,handheld,69,mangrove,mixoeuhaline,measurement,forested
Morrissette_et_al_2023,Frenchman Caye,Frenchman Caye_2_2_mangrove,2021,9,15,16.182147,-88.656372,handheld,71.5,mangrove,mixoeuhaline,measurement,forested
Morrissette_et_al_2023,Frenchman Caye,Frenchman Caye_2_3_mangrove,2021,9,15,16.18223,-88.65619,handheld,72,mangrove,mixoeuhaline,measurement,forested
Morrissette_et_al_2023,Frenchman Caye,Frenchman Caye_2_4_mangrove,2021,9,15,16.182337,-88.65605,handheld,82,mangrove,mixoeuhaline,measurement,forested
Morrissette_et_al_2023,Frenchman Caye,Frenchman Caye_2_5_mangrove,2021,9,15,16.182404,-88.65589,handheld,99,mangrove,mixoeuhaline,measurement,forested
Morrissette_et_al_2023,Frenchman Caye,Frenchman Caye_2_6_mangrove,2021,9,15,16.18248,-88.6557,handheld,79,mangrove,polyhaline,measurement,forested
Morrissette_et_al_2023,Turneffe Atoll,Turneffe Atoll_1_1_mangrove,2022,3,10,17.28784,-87.81606,handheld,185,mangrove,mixoeuhaline,measurement,forested
Morrissette_et_al_2023,Turneffe Atoll,Turneffe Atoll_1_2_mangrove,2022,3,10,17.28762,-87.81593,handheld,123,mangrove,mixoeuhaline,measurement,forested
Morrissette_et_al_2023,Turneffe Atoll,Turneffe Atoll_1_3_mangrove,2022,3,10,17.28742,-87.81583,handheld,169,mangrove,polyhaline,measurement,forested
Morrissette_et_al_2023,Turneffe Atoll,Turneffe Atoll_1_4_mangrove,2022,3,10,17.28723,-87.8256,handheld,154,mangrove,mixoeuhaline,measurement,forested
Morrissette_et_al_2023,Turneffe Atoll,Turneffe Atoll_1_5_mangrove,2022,3,10,17.28708,-87.81558,handheld,147,mangrove,mixoeuhaline,measurement,forested
Morrissette_et_al_2023,Turneffe Atoll,Turneffe Atoll_1_6_mangrove,2022,3,10,17.28686,-87.81546,handheld,131,mangrove,saline,measurement,forested
Morrissette_et_al_2023,Turneffe Atoll,Turneffe Atoll_2_1_mangrove,2022,3,11,17.28646,-87.81233,handheld,145,mangrove,mixoeuhaline,measurement,forested
Morrissette_et_al_2023,Turneffe Atoll,Turneffe Atoll_2_2_mangrove,2022,3,11,17.28622,-87.81233,handheld,153,mangrove,mixoeuhaline,measurement,forested
Morrissette_et_al_2023,Turneffe Atoll,Turneffe Atoll_2_3_mangrove,2022,3,11,17.286,-87.81233,handheld,140,mangrove,saline,measurement,forested
Morrissette_et_al_2023,Turneffe Atoll,Turneffe Atoll_2_4_mangrove,2022,3,11,17.28576,-87.81232,handheld,193,mangrove,saline,measurement,forested
Morrissette_et_al_2023,Turneffe Atoll,Turneffe Atoll_2_5_mangrove,2022,3,11,17.28556,-87.81233,handheld,145,mangrove,mixoeuhaline,measurement,forested
Morrissette_et_al_2023,Turneffe Atoll,Turneffe Atoll_2_6_mangrove,2022,3,11,17.28534,-87.8123,handheld,210,mangrove,mixoeuhaline,measurement,forested
Morrissette_et_al_2023,Channel Caye,Channel Caye_S_1_seagrass,2021,9,10,16.644835,-88.16455,handheld,80,seagrass,mixoeuhaline,measurement,seagrass
Morrissette_et_al_2023,Channel Caye,Channel Caye_S_2_seagrass,2021,9,10,16.644791,-88.164332,handheld,58,seagrass,mixoeuhaline,measurement,seagrass
