X,Y,fid,carbono,permanent_,year,tree_id,dbh_cm,latitude,additional,position_n,plot_area_,study_id,plot_id,tree_hei_1,species_co,cap,month,dry_total,site_id,position_a,day,tree_heigh,longitude
-8440026.71893979,1049735.73087863,1,0.103545,yes,2013,1,17.2,9.38765, ,GPSmap 60Scx Garmin,0.05,"Yepes et al., 2016",P8,clinometer,R_man,54.03552,1,207.09,Bahía de Cispatá,10,16,18.6,-75.81805
-8440043.41683254,1049751.52718287,2,0.03006,yes,2013,2,9.6,9.38779, ,GPSmap 60Scx Garmin,0.05,"Yepes et al., 2016",P8,clinometer,R_man,30.15936,1,60.12,Bahía de Cispatá,10,16,11.38,-75.8182
-8440037.85090166,1049734.60262216,3,0.002285,yes,2013,3,3.6,9.38764, ,GPSmap 60Scx Garmin,0.05,"Yepes et al., 2016",P8,clinometer,R_man,11.30976,1,4.57,Bahía de Cispatá,10,16,3.23,-75.81815
-8438961.39144009,1051668.56676011,4,0.02646,yes,2013,4,9,9.40478, ,GPSmap 60Scx Garmin,0.05,"Yepes et al., 2016",P8,clinometer,R_man,28.2744,1,52.92,Bahía de Cispatá,10,17,10.24,-75.80848
-8438961.39144009,1051668.56676011,5,0.01078,yes,2013,5,6.3,9.40478, ,GPSmap 60Scx Garmin,0.05,"Yepes et al., 2016",P8,clinometer,R_man,19.79208,1,21.56,Bahía de Cispatá,10,17,7.91,-75.80848
-8438969.18376334,1051674.20852497,6,0.000915,yes,2013,6,2.5,9.40483, ,GPSmap 60Scx Garmin,0.05,"Yepes et al., 2016",P8,clinometer,R_man,7.854,1,1.83,Bahía de Cispatá,10,17,3.26,-75.80855
-8445076.17103817,1049253.94722207,7,0.963015,yes,2013,7,40.8,9.38338, ,GPSmap 60Scx Garmin,0.05,"Yepes et al., 2016",P7,clinometer,R_man,128.17728,1,1926.03,Bahía de Cispatá,10,18,19.95,-75.86341
-8445076.17103817,1049249.43404905,8,0.00775,yes,2013,8,5.8,9.38334, ,GPSmap 60Scx Garmin,0.05,"Yepes et al., 2016",P7,clinometer,R_man,18.22128,1,15.5,Bahía de Cispatá,10,18,7.21,-75.86341
-8445077.28428441,1049261.84522537,9,0.001925,yes,2013,9,3.6,9.38345, ,GPSmap 60Scx Garmin,0.05,"Yepes et al., 2016",P7,clinometer,R_man,11.30976,1,3.85,Bahía de Cispatá,10,18,5.1,-75.86342
-8441812.28352161,1047335.89780433,10,0.21304,yes,2013,10,21.9,9.36638, ,GPSmap 60Scx Garmin,0.05,"Yepes et al., 2016",P11,clinometer,R_man,68.80104,1,426.08,Bahía de Cispatá,10,19,17.12,-75.83409
-8441817.8495526,1047320.10247479,11,0.014045,yes,2013,11,8.1,9.36624, ,GPSmap 60Scx Garmin,0.05,"Yepes et al., 2016",P11,clinometer,R_man,25.44696,1,28.09,Bahía de Cispatá,10,19,8.89,-75.83414
-8441798.92526747,1047312.20486316,12,0.29852,yes,2013,12,23,9.36617, ,GPSmap 60Scx Garmin,0.05,"Yepes et al., 2016",P11,clinometer,R_man,72.2568,1,597.04,Bahía de Cispatá,10,19,19.85,-75.83397
-8441813.39676785,1047316.71771142,13,0.00166,yes,2013,13,3.3,9.36621, ,GPSmap 60Scx Garmin,0.05,"Yepes et al., 2016",P11,clinometer,R_man,10.36728,1,3.32,Bahía de Cispatá,10,19,4.76,-75.8341
-8441803.37805222,1047324.61542545,14,0.005635,yes,2013,14,5.7,9.36628, ,GPSmap 60Scx Garmin,0.05,"Yepes et al., 2016",P11,clinometer,R_man,17.90712,1,11.27,Bahía de Cispatá,10,19,8.16,-75.83401
-8444569.66732363,1051477.87402394,15,0.040085,yes,2013,15,12.1,9.40309, ,GPSmap 60Scx Garmin,0.05,"Yepes et al., 2016",P12,clinometer,R_man,38.01336,1,80.17,Bahía de Cispatá,10,21,14.29,-75.85886
-8444562.98814651,1051484.64416971,16,0.63643,yes,2013,16,36.6,9.40315, ,GPSmap 60Scx Garmin,0.05,"Yepes et al., 2016",P12,clinometer,R_man,114.98256,1,1272.86,Bahía de Cispatá,10,21,23.07,-75.8588
-8444573.00696225,1051488.02929378,17,0.00299,yes,2013,17,4.6,9.40318, ,GPSmap 60Scx Garmin,0.05,"Yepes et al., 2016",P12,clinometer,R_man,14.45136,1,5.98,Bahía de Cispatá,10,21,9.66,-75.85889
-8444578.57289312,1051513.98148161,18,0.02615,yes,2013,18,9.2,9.40341, ,GPSmap 60Scx Garmin,0.05,"Yepes et al., 2016",P12,clinometer,R_man,28.90272,1,52.3,Bahía de Cispatá,10,21,15.75,-75.85894
-8442736.23535581,1045697.73220165,19,0.070015,yes,2013,19,15.9,9.35186, ,GPSmap 60Scx Garmin,0.05,"Yepes et al., 2016",P3,clinometer,A_ger,49.95144,1,140.03,Bahía de Cispatá,10,22,15.51,-75.84239
-8442728.44293245,1045699.98858358,20,0.00327,yes,2013,20,4.7,9.35188, ,GPSmap 60Scx Garmin,0.05,"Yepes et al., 2016",P3,clinometer,A_ger,14.76552,1,6.54,Bahía de Cispatá,10,22,9.25,-75.84232
-8442807.47981168,1045688.70667527,21,0.105375,yes,2013,21,18.4,9.35178, ,GPSmap 60Scx Garmin,0.05,"Yepes et al., 2016",P3,clinometer,A_ger,57.80544,1,210.75,Bahía de Cispatá,10,22,13.26,-75.84303
-8442731.78257106,1045736.09071193,22,0.250755,yes,2013,22,25.6,9.3522, ,GPSmap 60Scx Garmin,0.05,"Yepes et al., 2016",P3,clinometer,A_ger,80.42496,1,501.51,Bahía de Cispatá,10,22,21.29,-75.84235
-8442764.06521044,1045649.22007248,23,0.018075,yes,2013,23,10.5,9.35143, ,GPSmap 60Scx Garmin,0.05,"Yepes et al., 2016",P3,clinometer,A_ger,32.9868,1,36.15,Bahía de Cispatá,10,22,11.88,-75.84264
-8442736.23535581,1045731.57794407,24,0.07138,yes,2013,24,17,9.35216, ,GPSmap 60Scx Garmin,0.05,"Yepes et al., 2016",P3,clinometer,A_ger,53.4072,1,142.76,Bahía de Cispatá,10,22,17.76,-75.84239
-8442837.53605868,1045729.32156034,25,0.00248,yes,2013,25,4.2,9.35214, ,GPSmap 60Scx Garmin,0.05,"Yepes et al., 2016",P3,clinometer,A_ger,13.19472,1,4.96,Bahía de Cispatá,10,22,7.82,-75.8433
-8441592.98422313,1046616.08934854,26,1.36759,yes,2013,26,60.8,9.36, ,GPSmap 60Scx Garmin,0.05,"Yepes et al., 2016",P3,clinometer,A_ger,191.00928,1,2735.18,Bahía de Cispatá,10,23,30.85,-75.83212
-8441589.64458451,1046610.44821155,27,0.02005,yes,2013,27,10.3,9.35995, ,GPSmap 60Scx Garmin,0.05,"Yepes et al., 2016",P2,clinometer,A_ger,32.35848,1,40.1,Bahía de Cispatá,10,24,12.97,-75.83209
-8441591.87097689,1046602.55074286,28,0.002275,yes,2013,28,4.9,9.35988, ,GPSmap 60Scx Garmin,0.05,"Yepes et al., 2016",P2,clinometer,A_ger,15.39384,1,4.55,Bahía de Cispatá,10,24,5.85,-75.83211
-8441591.87097689,1046602.55074286,29,0.01545,yes,2013,29,9.2,9.35988, ,GPSmap 60Scx Garmin,0.05,"Yepes et al., 2016",P2,clinometer,A_ger,28.90272,1,30.9,Bahía de Cispatá,10,24,14.02,-75.83211
-8443666.86626703,1048387.42856152,30,0.045555,yes,2013,30,12.5,9.3757, ,GPSmap 60Scx Garmin,0.05,"Yepes et al., 2016",P4,clinometer,A_ger,39.27,1,91.11,Bahía de Cispatá,10,25,12.08,-75.85075
-8443661.30033616,1047895.50716332,31,0.73105,yes,2013,31,43.3,9.37134, ,GPSmap 60Scx Garmin,0.05,"Yepes et al., 2016",P4,clinometer,A_ger,136.03128,1,1462.1,Bahía de Cispatá,10,25,23.2,-75.8507
-8443666.86626703,1047902.2766889,32,0.188295,yes,2013,32,28.9,9.3714, ,GPSmap 60Scx Garmin,0.05,"Yepes et al., 2016",P4,clinometer,A_ger,90.79224,1,376.59,Bahía de Cispatá,10,26,17.99,-75.85075
-8443673.54544416,1047916.94404907,33,0.176325,yes,2013,33,24.2,9.37153, ,GPSmap 60Scx Garmin,0.05,"Yepes et al., 2016",P4,clinometer,A_ger,76.02672,1,352.65,Bahía de Cispatá,10,26,22.05,-75.85081
-8443675.77183653,1047897.76367172,34,0.030205,yes,2013,34,11.4,9.37136, ,GPSmap 60Scx Garmin,0.05,"Yepes et al., 2016",P4,clinometer,A_ger,35.81424,1,60.41,Bahía de Cispatá,10,26,14.85,-75.85083
-8443673.54544416,1047900.02018025,35,0.00436,yes,2013,35,5.8,9.37138, ,GPSmap 60Scx Garmin,0.05,"Yepes et al., 2016",P4,clinometer,A_ger,18.22128,1,8.72,Bahía de Cispatá,10,26,7.8,-75.85081
-8442276.48588114,1051545.57553445,36,0.3377,yes,2013,36,25.1,9.40369, ,GPSmap 60Scx Garmin,0.05,"Yepes et al., 2016",P13,clinometer,R_man,78.85416,1,675.4,Bahía de Cispatá,10,28,20.25,-75.83826
-8442267.58031164,1051546.70384323,37,0.00211,yes,2013,37,4.2,9.4037, ,GPSmap 60Scx Garmin,0.05,"Yepes et al., 2016",P13,clinometer,R_man,13.19472,1,4.22,Bahía de Cispatá,10,28,6.98,-75.83818
-8442260.90113452,1051546.70384323,38,0.00183,yes,2013,38,3.3,9.4037, ,GPSmap 60Scx Garmin,0.05,"Yepes et al., 2016",P13,clinometer,R_man,10.36728,1,3.66,Bahía de Cispatá,10,28,5.46,-75.83812
-8442270.91985015,1051544.44712425,39,0.04907,yes,2013,39,11.9,9.40368, ,GPSmap 60Scx Garmin,0.05,"Yepes et al., 2016",P13,clinometer,R_man,37.38504,1,98.14,Bahía de Cispatá,10,28,12.5,-75.83821
-8442267.58031164,1051552.34559049,40,0.00184,yes,2013,40,3.9,9.40375, ,GPSmap 60Scx Garmin,0.05,"Yepes et al., 2016",P13,clinometer,R_man,12.25224,1,3.68,Bahía de Cispatá,10,28,5.15,-75.83818
-8442605.99155209,1052967.33266538,41,0.655305,yes,2013,41,30.9,9.41629, ,GPSmap 60Scx Garmin,0.05,"Yepes et al., 2016",P21,clinometer,R_man,97.07544,1,1310.61,Bahía de Cispatá,10,29,15.76,-75.84122
-8442593.74644408,1052966.20431553,42,0.107285,yes,2013,42,17.5,9.41628, ,GPSmap 60Scx Garmin,0.05,"Yepes et al., 2016",P21,clinometer,R_man,54.978,1,214.57,Bahía de Cispatá,10,29,15.37,-75.84111
-8442584.84087459,1052954.92031137,43,0.00779,yes,2013,43,5.7,9.41618, ,GPSmap 60Scx Garmin,0.05,"Yepes et al., 2016",P21,clinometer,R_man,17.90712,1,15.58,Bahía de Cispatá,10,29,10.01,-75.84103
-8442284.27820439,1046356.60052414,44,0.415625,yes,2013,44,32.8,9.3577, ,GPSmap 60Scx Garmin,0.05,"Yepes et al., 2016",P1,clinometer,A_ger,103.04448,1,831.25,Bahía de Cispatá,10,30,23.15,-75.83833
-8442290.95738152,1046387.06215176,45,0.10729,yes,2013,45,21.1,9.35797, ,GPSmap 60Scx Garmin,0.05,"Yepes et al., 2016",P1,clinometer,A_ger,66.28776,1,214.58,Bahía de Cispatá,10,30,22.77,-75.83839
-8442287.61784301,1046376.90830708,46,0.00374,yes,2013,46,5.2,9.35788, ,GPSmap 60Scx Garmin,0.05,"Yepes et al., 2016",P1,clinometer,A_ger,16.33632,1,7.48,Bahía de Cispatá,10,30,9.4,-75.83836
-8442287.61784301,1046376.90830708,47,0.106095,yes,2013,47,19.6,9.35788, ,GPSmap 60Scx Garmin,0.05,"Yepes et al., 2016",P1,clinometer,A_ger,61.57536,1,212.19,Bahía de Cispatá,10,30,19.33,-75.83836
-8442287.61784301,1046376.90830708,48,0.005425,yes,2013,48,6.5,9.35788, ,GPSmap 60Scx Garmin,0.05,"Yepes et al., 2016",P1,clinometer,A_ger,20.4204,1,10.85,Bahía de Cispatá,10,30,7.81,-75.83836
-8444062.05046296,1046117.4210649,49,0.253935,yes,2013,49,27.6,9.35558, ,GPSmap 60Scx Garmin,0.05,"Yepes et al., 2016",P23,clinometer,A_ger,86.70816,1,507.87,Bahía de Cispatá,10,31,20.89,-75.8543
-8444059.82407059,1046101.62622617,50,0.00714,yes,2013,50,6.7,9.35544, ,GPSmap 60Scx Garmin,0.05,"Yepes et al., 2016",P23,clinometer,A_ger,21.04872,1,14.28,Bahía de Cispatá,10,31,6.6,-75.85428
-8444042.01293159,1046102.75437799,51,0.00993,yes,2013,51,6.7,9.35545, ,GPSmap 60Scx Garmin,0.05,"Yepes et al., 2016",P23,clinometer,A_ger,21.04872,1,19.86,Bahía de Cispatá,10,31,9.79,-75.85412
-8444059.82407059,1046111.77999961,52,0.036345,yes,2013,52,11.8,9.35553, ,GPSmap 60Scx Garmin,0.05,"Yepes et al., 2016",P23,clinometer,A_ger,37.07088,1,72.69,Bahía de Cispatá,10,31,14.76,-75.85428
-8444070.95603246,1046142.24143714,53,0.01718,yes,2013,53,9.3,9.3558, ,GPSmap 60Scx Garmin,0.05,"Yepes et al., 2016",P23,clinometer,A_ger,29.21688,1,34.36,Bahía de Cispatá,10,31,9.03,-75.85438
-8444084.3143867,1046129.83124905,54,0.03032,yes,2013,54,11.5,9.35569, ,GPSmap 60Scx Garmin,0.05,"Yepes et al., 2016",P23,clinometer,A_ger,36.1284,1,60.64,Bahía de Cispatá,10,31,15.24,-75.8545
-8437076.75244767,1049358.87848932,55,0.001605,yes,2013,55,3.2,9.38431, ,GPSmap 60Scx Garmin,0.05,"Yepes et al., 2016",P14,clinometer,A_ger,10.05312,2,3.21,Bahía de Cispatá,10,1,4.97,-75.79155
-8437076.75244767,1049358.87848932,56,0.002615,yes,2013,56,4.5,9.38431, ,GPSmap 60Scx Garmin,0.05,"Yepes et al., 2016",P14,clinometer,A_ger,14.1372,2,5.23,Bahía de Cispatá,10,1,6.64,-75.79155
-8437084.54477092,1049427.70457627,57,0.102815,yes,2013,57,17.7,9.38492, ,GPSmap 60Scx Garmin,0.05,"Yepes et al., 2016",P14,clinometer,R_man,55.60632,2,205.63,Bahía de Cispatá,10,1,13.68,-75.79162
-8437085.65801716,1049458.16859234,58,0.084045,yes,2013,58,13.1,9.38519, ,GPSmap 60Scx Garmin,0.05,"Yepes et al., 2016",P14,clinometer,R_man,41.15496,2,168.09,Bahía de Cispatá,10,1,11.93,-75.79163
-8437088.99755567,1049454.7837456,59,0.08648,yes,2013,59,13.4,9.38516, ,GPSmap 60Scx Garmin,0.05,"Yepes et al., 2016",P14,clinometer,R_man,42.09744,2,172.96,Bahía de Cispatá,10,1,15.2,-75.79166
-8437076.75244767,1049467.19498706,60,0.08038,yes,2013,60,15,9.38527, ,GPSmap 60Scx Garmin,0.05,"Yepes et al., 2016",P14,clinometer,R_man,47.124,2,160.76,Bahía de Cispatá,10,1,10.3,-75.79155
